http://www.health.com/health/video/0,,20731859,00.html , 0
http://www.health.com/health/video/0,,20737195,00.html , 0
http://www.health.com/health/video/0,,20732137,00.html , 0
http://www.health.com/health/video/0,,20807849,00.html , 0
http://www.health.com/health/video/0,,20719548,00.html , 0
http://www.health.com/health/video/0,,20784324,00.html , 0
http://www.health.com/health/video/0,,20731759,00.html , 0
http://www.health.com/health/video/0,,20822308,00.html , 0
http://www.health.com/health/video/0,,20741153,00.html , 0
http://www.health.com/health/video/0,,20827020,00.html , 0
http://www.health.com/health/video/0,,20807845,00.html , 0
http://www.health.com/health/video/0,,20787129,00.html , 0
http://www.health.com/health/video/0,,20773494,00.html , 0
http://www.health.com/health/video/0,,20832227,00.html , 0
http://www.health.com/health/video/0,,20731825,00.html , 0
http://www.health.com/health/video/0,,20731740,00.html , 0
http://www.health.com/health/video/0,,20785380,00.html , 0
http://www.health.com/health/video/0,,20804143,00.html , 0
http://www.health.com/health/video/0,,20842254,00.html , 0
http://www.health.com/health/video/0,,20836582,00.html , 0
http://www.health.com/health/video/0,,20796469,00.html , 0
http://www.health.com/health/video/0,,20738182,00.html , 0
http://www.health.com/health/video/0,,20832636,00.html , 0
http://www.health.com/health/video/0,,20719519,00.html , 0
http://www.health.com/health/video/0,,20731744,00.html , 0
http://www.health.com/health/video/0,,20731406,00.html , 0
http://www.health.com/health/video/0,,20822310,00.html , 0
http://www.health.com/health/video/0,,20732158,00.html , 0
http://www.health.com/health/video/0,,20802212,00.html , 0
http://www.health.com/health/video/0,,20793341,00.html , 0
http://www.health.com/health/video/0,,20807539,00.html , 0
http://www.health.com/health/video/0,,20785407,00.html , 0
http://www.health.com/health/video/0,,20789886,00.html , 0
http://www.health.com/health/video/0,,20828657,00.html , 0
http://www.health.com/health/video/0,,20785398,00.html , 0
http://www.health.com/health/video/0,,20811118,00.html , 0
http://www.health.com/health/video/0,,20719516,00.html , 0
http://www.health.com/health/video/0,,20719554,00.html , 0
http://www.health.com/health/video/0,,20834530,00.html , 0
http://www.health.com/health/video/0,,20822300,00.html , 0
http://www.health.com/health/video/0,,20820990,00.html , 0
http://www.health.com/health/video/0,,20796790,00.html , 0
http://www.health.com/health/video/0,,20789639,00.html , 0
http://www.health.com/health/video/0,,20834522,00.html , 0
http://www.health.com/health/video/0,,20732133,00.html , 0
http://www.health.com/health/video/0,,20768071,00.html , 0
http://www.health.com/health/video/0,,20786793,00.html , 0
http://www.health.com/health/video/0,,20838605,00.html , 0
http://www.health.com/health/video/0,,20804606,00.html , 0
http://www.health.com/health/video/0,,20785394,00.html , 0
http://www.health.com/health/video/0,,20789282,00.html , 0
http://www.health.com/health/video/0,,20787125,00.html , 0
http://www.health.com/health/video/0,,20828277,00.html , 0
http://www.health.com/health/video/0,,20740371,00.html , 0
http://www.health.com/health/video/0,,20731854,00.html , 0
http://www.health.com/health/video/0,,20837066,00.html , 0
http://www.health.com/health/video/0,,20742595,00.html , 0
http://www.health.com/health/video/0,,20820937,00.html , 0
http://www.health.com/health/video/0,,20724364,00.html , 0
http://www.health.com/health/video/0,,20807832,00.html , 0
http://www.health.com/health/video/0,,20804132,00.html , 0
http://www.health.com/health/video/0,,20768156,00.html , 0
http://www.health.com/health/video/0,,20789286,00.html , 0
http://www.health.com/health/video/0,,20724394,00.html , 0
http://www.health.com/health/video/0,,20832914,00.html , 0
http://www.health.com/health/video/0,,20768159,00.html , 0
http://www.health.com/health/video/0,,20768141,00.html , 0
http://www.health.com/health/video/0,,20811104,00.html , 0
http://www.health.com/health/video/0,,20828771,00.html , 0
http://www.health.com/health/video/0,,20731920,00.html , 0
http://www.health.com/health/video/0,,20738153,00.html , 0
http://www.health.com/health/video/0,,20738173,00.html , 0
http://www.health.com/health/video/0,,20822592,00.html , 0
http://www.health.com/health/video/0,,20785411,00.html , 0
http://www.health.com/health/video/0,,20836567,00.html , 0
http://www.health.com/health/video/0,,20773062,00.html , 0
http://www.health.com/health/video/0,,20730888,00.html , 0
http://www.health.com/health/video/0,,20731907,00.html , 0
http://www.health.com/health/video/0,,20838591,00.html , 0
http://www.health.com/health/video/0,,20730893,00.html , 0
http://www.health.com/health/video/0,,20731811,00.html , 0
http://www.health.com/health/video/0,,20787108,00.html , 0
http://www.health.com/health/video/0,,20815266,00.html , 0
http://www.health.com/health/video/0,,20785390,00.html , 0
http://www.health.com/health/video/0,,20840932,00.html , 0
http://www.health.com/health/video/0,,20719522,00.html , 0
http://www.health.com/health/video/0,,20785402,00.html , 0
http://www.health.com/health/video/0,,20738166,00.html , 0
http://www.health.com/health/video/0,,20732152,00.html , 0
http://www.health.com/health/video/0,,20786875,00.html , 0
http://www.health.com/health/video/0,,20819526,00.html , 0
http://www.health.com/health/video/0,,20800883,00.html , 0
http://www.health.com/health/video/0,,20731846,00.html , 0
http://www.health.com/health/video/0,,20824171,00.html , 0
http://www.health.com/health/video/0,,20787112,00.html , 0
http://www.health.com/health/video/0,,20731791,00.html , 0
http://www.health.com/health/video/0,,20834376,00.html , 0
http://www.health.com/health/video/0,,20786871,00.html , 0
http://www.health.com/health/video/0,,20793357,00.html , 0
http://www.health.com/health/video/0,,20836522,00.html , 0
http://www.health.com/health/video/0,,20822305,00.html , 0
http://www.health.com/health/video/0,,20737206,00.html , 0
http://www.health.com/health/video/0,,20836517,00.html , 0
http://www.health.com/health/video/0,,20824942,00.html , 0
http://www.health.com/health/video/0,,20834363,00.html , 0
http://www.health.com/health/video/0,,20811126,00.html , 0
http://www.health.com/health/video/0,,20785384,00.html , 0
http://www.health.com/health/video/0,,20773591,00.html , 0
http://www.health.com/health/video/0,,20731785,00.html , 0
http://www.health.com/health/video/0,,20786828,00.html , 0
http://www.health.com/health/video/0,,20793048,00.html , 0
http://www.health.com/health/video/0,,20731818,00.html , 0
http://www.health.com/health/video/0,,20731914,00.html , 0
http://www.health.com/health/video/0,,20829706,00.html , 0
http://www.health.com/health/video/0,,20768160,00.html , 0
http://www.health.com/health/video/0,,20744324,00.html , 0
http://www.health.com/health/video/0,,20800847,00.html , 0
http://www.health.com/health/video/0,,20811077,00.html , 0
http://www.health.com/health/video/0,,20742629,00.html , 0
http://www.health.com/health/video/0,,20738149,00.html , 0
http://www.health.com/health/video/0,,20831236,00.html , 0
http://www.health.com/health/video/0,,20793345,00.html , 0
http://www.health.com/health/video/0,,20807857,00.html , 0
http://www.health.com/health/video/0,,20731400,00.html , 0
http://www.health.com/health/video/0,,20825036,00.html , 0
http://www.health.com/health/video/0,,20724360,00.html , 0
http://www.health.com/health/video/0,,20731383,00.html , 0
http://www.health.com/health/video/0,,20768138,00.html , 0
http://www.health.com/health/video/0,,20811122,00.html , 0
http://www.health.com/health/video/0,,20802333,00.html , 0
http://www.health.com/health/video/0,,20842634,00.html , 0
http://www.health.com/health/video/0,,20744328,00.html , 0
http://www.health.com/health/video/0,,20719550,00.html , 0
http://www.health.com/health/video/0,,20822630,00.html , 0
http://www.health.com/health/video/0,,20809402,00.html , 0
http://www.health.com/health/video/0,,20787133,00.html , 0
http://www.health.com/health/video/0,,20807836,00.html , 0
http://www.health.com/health/video/0,,20825453,00.html , 0
http://www.health.com/health/video/0,,20725352,00.html , 0
http://www.health.com/health/video/0,,20811131,00.html , 0
http://www.health.com/health/video/0,,20822583,00.html , 0
http://www.health.com/health/video/0,,20793361,00.html , 0
http://www.health.com/health/video/0,,20835452,00.html , 0
http://www.health.com/health/video/0,,20737172,00.html , 0
http://www.health.com/health/video/0,,20843189,00.html , 0
http://www.health.com/health/video/0,,20817481,00.html , 0
http://www.health.com/health/video/0,,20832231,00.html , 0
http://www.health.com/health/video/0,,20832654,00.html , 0
http://www.health.com/health/video/0,,20787100,00.html , 0
http://www.health.com/health/video/0,,20731719,00.html , 0
http://www.health.com/health/video/0,,20793349,00.html , 0
http://www.health.com/health/video/0,,20800875,00.html , 0
http://www.health.com/health/video/0,,20818411,00.html , 0
http://www.health.com/health/video/0,,20768136,00.html , 0
http://www.health.com/health/video/0,,20824211,00.html , 0
http://www.health.com/health/video/0,,20826311,00.html , 0
http://www.health.com/health/video/0,,20811113,00.html , 0
http://www.health.com/health/video/0,,20788587,00.html , 0
http://www.health.com/health/video/0,,20795105,00.html , 0
http://www.health.com/health/video/0,,20719508,00.html , 0
http://www.health.com/health/video/0,,20787104,00.html , 0
http://www.health.com/health/video/0,,20738092,00.html , 0
http://www.health.com/health/video/0,,20811099,00.html , 0
http://www.health.com/health/video/0,,20829849,00.html , 0
http://www.health.com/health/video/0,,20804123,00.html , 0
http://www.health.com/health/video/0,,20831244,00.html , 0
http://www.health.com/health/video/0,,20731728,00.html , 0
http://www.health.com/health/video/0,,20822311,00.html , 0
http://www.health.com/health/video/0,,20743098,00.html , 0
http://www.health.com/health/video/0,,20731724,00.html , 0
http://www.health.com/health/video/0,,20800838,00.html , 0
http://www.health.com/health/video/0,,20785276,00.html , 0
http://www.health.com/health/video/0,,20828271,00.html , 0
http://www.health.com/health/video/0,,20737200,00.html , 0
http://www.health.com/health/video/0,,20795897,00.html , 0
http://www.health.com/health/video/0,,20731411,00.html , 0
http://www.health.com/health/video/0,,20718230,00.html , 0
http://www.health.com/health/video/0,,20773154,00.html , 0
http://www.health.com/health/video/0,,20828261,00.html , 0
http://www.health.com/health/video/0,,20731764,00.html , 0
http://www.health.com/health/video/0,,20798377,00.html , 0
http://www.health.com/health/video/0,,20719559,00.html , 0
http://www.health.com/health/video/0,,20744334,00.html , 0
http://www.health.com/health/video/0,,20832627,00.html , 0
http://www.health.com/health/video/0,,20773118,00.html , 0
http://www.health.com/health/video/0,,20793353,00.html , 0
http://www.health.com/health/video/0,,20798391,00.html , 0
http://www.health.com/health/video/0,,20828669,00.html , 0
http://www.health.com/health/video/0,,20811095,00.html , 0
http://www.health.com/health/video/0,,20820979,00.html , 0
http://www.health.com/health/video/0,,20796934,00.html , 0
http://www.health.com/health/video/0,,20738142,00.html , 0
http://www.health.com/health/video/0,,20842355,00.html , 0
http://www.health.com/health/video/0,,20836612,00.html , 0
http://www.health.com/health/video/0,,20738096,00.html , 0
http://www.health.com/health/video/0,,20825020,00.html , 0
http://www.health.com/health/video/0,,20731394,00.html , 0
http://www.health.com/health/video/0,,20800197,00.html , 0
http://www.health.com/health/video/0,,20731736,00.html , 0
http://www.health.com/health/video/0,,20820919,00.html , 0
http://www.health.com/health/video/0,,20731751,00.html , 0
http://www.health.com/health/video/0,,20719663,00.html , 0
http://www.health.com/health/video/0,,20798403,00.html , 0
http://www.health.com/health/video/0,,20787121,00.html , 0
http://www.health.com/health/video/0,,20834526,00.html , 0
http://www.health.com/health/video/0,,20742641,00.html , 0
http://www.health.com/health/video/0,,20807828,00.html , 0
http://www.health.com/health/video/0,,20732139,00.html , 0
http://www.health.com/health/video/0,,20825043,00.html , 0
http://www.health.com/health/video/0,,20796465,00.html , 0
http://www.health.com/health/video/0,,20738124,00.html , 0
http://www.health.com/health/video/0,,20811109,00.html , 0
http://www.health.com/health/video/0,,20731390,00.html , 0
http://www.health.com/health/video/0,,20789278,00.html , 0
http://www.health.com/health/video/0,,20768158,00.html , 0
http://www.health.com/health/video/0,,20800865,00.html , 0
http://www.health.com/health/video/0,,20739872,00.html , 0
http://www.health.com/health/video/0,,20828690,00.html , 0
http://www.health.com/health/video/0,,20731799,00.html , 0
http://www.health.com/health/video/0,,20768140,00.html , 0
http://www.health.com/health/video/0,,20773430,00.html , 0
http://www.health.com/health/video/0,,20719512,00.html , 0
http://www.health.com/health/video/0,,20731863,00.html , 0
http://www.health.com/health/video/0,,20807853,00.html , 0
http://www.health.com/health/video/0,,20823254,00.html , 0
http://www.health.com/health/video/0,,20798383,00.html , 0
http://www.health.com/health/video/0,,20842285,00.html , 0
http://www.health.com/health/video/0,,20787117,00.html , 0
http://www.health.com/health/video/0,,20824977,00.html , 0
http://www.health.com/health/video/0,,20822313,00.html , 0
http://www.health.com/health/video/0,,20822306,00.html , 0
http://www.health.com/health/video/0,,20832645,00.html , 0
http://www.health.com/health/video/0,,20836776,00.html , 0
http://www.health.com/health/video/0,,20727058,00.html , 0
http://www.health.com/health/video/0,,20838879,00.html , 0
http://www.health.com/health/video/0,,20816570,00.html , 0
http://www.health.com/health/video/0,,20793090,00.html , 0
http://www.health.com/health/video/0,,20719558,00.html , 0
http://www.health.com/health/video/0,,20731806,00.html , 0
http://www.health.com/health/video/0,,20740003,00.html , 0
http://www.health.com/health/video/0,,20727773,00.html , 0
http://www.health.com/health/video/0,,20735365,00.html , 0
http://www.health.com/health/video/0,,20839459,00.html , 0
http://www.health.com/health/video/0,,20834372,00.html , 0
http://www.health.com/health/video/0,,20832608,00.html , 0
http://www.health.com/health/video/0,,20821648,00.html , 0
http://www.health.com/health/video/0,,20786948,00.html , 0
http://www.health.com/health/video/0,,20719648,00.html , 0
http://www.health.com/health/video/0,,20780552,00.html , 0
http://www.health.com/health/video/0,,20731421,00.html , 0
http://www.health.com/health/video/0,,20786835,00.html , 0
http://www.health.com/health/video/0,,20837658,00.html , 0
http://www.health.com/health/video/0,,20814104,00.html , 0
http://www.health.com/health/video/0,,20822307,00.html , 0
http://www.health.com/health/gallery/0,,20735735,00.html , 1
http://www.health.com/health/gallery/0,,20834382_4,00.html , 1
http://www.health.com/health/gallery/0,,20447948,00.html , 1
http://www.health.com/health/gallery/0,,20668823,00.html , 1
http://www.health.com/health/gallery/0,,20805851,00.html , 1
http://www.health.com/health/gallery/0,,20802948,00.html , 1
http://www.health.com/health/gallery/0,,20307315,00.html , 1
http://www.health.com/health/gallery/0,,20406655,00.html , 1
http://www.health.com/health/gallery/0,,20368705,00.html , 1
http://www.health.com/health/gallery/0,,20825857,00.html , 1
http://www.health.com/health/gallery/0,,20531849,00.html , 1
http://www.health.com/health/gallery/0,,20830463_6,00.html , 1
http://www.health.com/health/gallery/0,,20778590,00.html , 1
http://www.health.com/health/gallery/0,,20724884,00.html , 1
http://www.health.com/health/gallery/0,,20414470,00.html , 1
http://www.health.com/health/gallery/0,,20544803,00.html , 1
http://www.health.com/health/gallery/0,,20610016,00.html , 1
http://www.health.com/health/gallery/0,,20788704,00.html , 1
http://www.health.com/health/gallery/0,,20679842,00.html , 1
http://www.health.com/health/gallery/0,,20743007,00.html , 1
http://www.health.com/health/gallery/0,,20818045,00.html , 1
http://www.health.com/health/gallery/0,,20542694,00.html , 1
http://www.health.com/health/gallery/0,,20698582,00.html , 1
http://www.health.com/health/gallery/0,,20686611_2,00.html , 1
http://www.health.com/health/gallery/0,,20818090,00.html , 1
http://www.health.com/health/gallery/0,,20783012,00.html , 1
http://www.health.com/health/gallery/0,,20833948,00.html , 1
http://www.health.com/health/gallery/0,,20810743,00.html , 1
http://www.health.com/health/gallery/0,,20655883,00.html , 1
http://www.health.com/health/gallery/0,,20307339,00.html , 1
http://www.health.com/health/gallery/0,,20391815_4,00.html , 1
http://www.health.com/health/gallery/0,,20672782,00.html , 1
http://www.health.com/health/gallery/0,,20434072,00.html , 1
http://www.health.com/health/gallery/0,,20692801,00.html , 1
http://www.health.com/health/gallery/0,,20361208,00.html , 1
http://www.health.com/health/gallery/0,,20439405,00.html , 1
http://www.health.com/health/gallery/0,,20826949,00.html , 1
http://www.health.com/health/gallery/0,,20834643,00.html , 1
http://www.health.com/health/gallery/0,,20306673_5,00.html , 1
http://www.health.com/health/gallery/0,,20668823_2,00.html , 1
http://www.health.com/health/gallery/0,,20841828,00.html , 1
http://www.health.com/health/gallery/0,,20841292,00.html , 1
http://www.health.com/health/gallery/0,,20773383,00.html , 1
http://www.health.com/health/gallery/0,,20419337,00.html , 1
http://www.health.com/health/gallery/0,,20517144,00.html , 1
http://www.health.com/health/gallery/0,,20793274,00.html , 1
http://www.health.com/health/gallery/0,,20837371,00.html , 1
http://www.health.com/health/gallery/0,,20567708,00.html , 1
http://www.health.com/health/gallery/0,,20334221,00.html , 1
http://www.health.com/health/gallery/0,,20420506,00.html , 1
http://www.health.com/health/gallery/0,,20391815_5,00.html , 1
http://www.health.com/health/gallery/0,,20709014,00.html , 1
http://www.health.com/health/gallery/0,,20354737,00.html , 1
http://www.health.com/health/gallery/0,,20830463_7,00.html , 1
http://www.health.com/health/gallery/0,,20840750,00.html , 1
http://www.health.com/health/gallery/0,,20737691,00.html , 1
http://www.health.com/health/gallery/0,,20698876_2,00.html , 1
http://www.health.com/health/gallery/0,,20391815,00.html , 1
http://www.health.com/health/gallery/0,,20723732,00.html , 1
http://www.health.com/health/gallery/0,,20306673_4,00.html , 1
http://www.health.com/health/gallery/0,,20584062,00.html , 1
http://www.health.com/health/gallery/0,,20788030,00.html , 1
http://www.health.com/health/gallery/0,,20354693,00.html , 1
http://www.health.com/health/gallery/0,,20814874,00.html , 1
http://www.health.com/health/gallery/0,,20810305,00.html , 1
http://www.health.com/health/gallery/0,,20342675,00.html , 1
http://www.health.com/health/gallery/0,,20349566,00.html , 1
http://www.health.com/health/gallery/0,,20560219,00.html , 1
http://www.health.com/health/gallery/0,,20527963,00.html , 1
http://www.health.com/health/gallery/0,,20825288,00.html , 1
http://www.health.com/health/gallery/0,,20306753,00.html , 1
http://www.health.com/health/gallery/0,,20391815_10,00.html , 1
http://www.health.com/health/gallery/0,,20553780,00.html , 1
http://www.health.com/health/gallery/0,,20725555,00.html , 1
http://www.health.com/health/gallery/0,,20580068,00.html , 1
http://www.health.com/health/gallery/0,,20830463_3,00.html , 1
http://www.health.com/health/gallery/0,,20753416,00.html , 1
http://www.health.com/health/gallery/0,,20834643_4,00.html , 1
http://www.health.com/health/gallery/0,,20826922,00.html , 1
http://www.health.com/health/gallery/0,,20504242,00.html , 1
http://www.health.com/health/gallery/0,,20622036,00.html , 1
http://www.health.com/health/gallery/0,,20814890,00.html , 1
http://www.health.com/health/gallery/0,,20585485,00.html , 1
http://www.health.com/health/gallery/0,,20793631,00.html , 1
http://www.health.com/health/gallery/0,,20333748,00.html , 1
http://www.health.com/health/gallery/0,,20400070,00.html , 1
http://www.health.com/health/gallery/0,,20686611,00.html , 1
http://www.health.com/health/gallery/0,,20313125,00.html , 1
http://www.health.com/health/gallery/0,,20501331,00.html , 1
http://www.health.com/health/gallery/0,,20306609,00.html , 1
http://www.health.com/health/gallery/0,,20664616,00.html , 1
http://www.health.com/health/gallery/0,,20698876,00.html , 1
http://www.health.com/health/gallery/0,,20707868,00.html , 1
http://www.health.com/health/gallery/0,,20837452,00.html , 1
http://www.health.com/health/gallery/0,,20391815_3,00.html , 1
http://www.health.com/health/gallery/0,,20745351,00.html , 1
http://www.health.com/health/gallery/0,,20553222,00.html , 1
http://www.health.com/health/gallery/0,,20834382_12,00.html , 1
http://www.health.com/health/gallery/0,,20831548_8,00.html , 1
http://www.health.com/health/gallery/0,,20831548_7,00.html , 1
http://www.health.com/health/gallery/0,,20825375,00.html , 1
http://www.health.com/health/gallery/0,,20307309,00.html , 1
http://www.health.com/health/gallery/0,,20391815_11,00.html , 1
http://www.health.com/health/gallery/0,,20739512,00.html , 1
http://www.health.com/health/gallery/0,,20830463,00.html , 1
http://www.health.com/health/gallery/0,,20639480,00.html , 1
http://www.health.com/health/gallery/0,,20307213,00.html , 1
http://www.health.com/health/gallery/0,,20306673_3,00.html , 1
http://www.health.com/health/gallery/0,,20702210,00.html , 1
http://www.health.com/health/gallery/0,,20681364,00.html , 1
http://www.health.com/health/gallery/0,,20538999,00.html , 1
http://www.health.com/health/gallery/0,,20835574,00.html , 1
http://www.health.com/health/gallery/0,,20831548,00.html , 1
http://www.health.com/health/gallery/0,,20448396,00.html , 1
http://www.health.com/health/gallery/0,,20589764,00.html , 1
http://www.health.com/health/gallery/0,,20314314,00.html , 1
http://www.health.com/health/gallery/0,,20727114,00.html , 1
http://www.health.com/health/gallery/0,,20537878,00.html , 1
http://www.health.com/health/gallery/0,,20517126,00.html , 1
http://www.health.com/health/gallery/0,,20840741,00.html , 1
http://www.health.com/health/gallery/0,,20793541,00.html , 1
http://www.health.com/health/gallery/0,,20813740,00.html , 1
http://www.health.com/health/gallery/0,,20826624,00.html , 1
http://www.health.com/health/gallery/0,,20569219,00.html , 1
http://www.health.com/health/gallery/0,,20843057,00.html , 1
http://www.health.com/health/gallery/0,,20311485,00.html , 1
http://www.health.com/health/gallery/0,,20818090_2,00.html , 1
http://www.health.com/health/gallery/0,,20689183,00.html , 1
http://www.health.com/health/gallery/0,,20732988,00.html , 1
http://www.health.com/health/gallery/0,,20830463_10,00.html , 1
http://www.health.com/health/gallery/0,,20831757,00.html , 1
http://www.health.com/health/gallery/0,,20834382_2,00.html , 1
http://www.health.com/health/gallery/0,,20517100,00.html , 1
http://www.health.com/health/gallery/0,,20772987,00.html , 1
http://www.health.com/health/gallery/0,,20689183_2,00.html , 1
http://www.health.com/health/gallery/0,,20307303,00.html , 1
http://www.health.com/health/gallery/0,,20824699,00.html , 1
http://www.health.com/health/gallery/0,,20825733,00.html , 1
http://www.health.com/health/gallery/0,,20306673_2,00.html , 1
http://www.health.com/health/gallery/0,,20825198,00.html , 1
http://www.health.com/health/gallery/0,,20834382_3,00.html , 1
http://www.health.com/health/gallery/0,,20680036,00.html , 1
http://www.health.com/health/gallery/0,,20488303,00.html , 1
http://www.health.com/health/gallery/0,,20834643_7,00.html , 1
http://www.health.com/health/gallery/0,,20344926,00.html , 1
http://www.health.com/health/gallery/0,,20831548_12,00.html , 1
http://www.health.com/health/gallery/0,,20307389,00.html , 1
http://www.health.com/health/gallery/0,,20830463_2,00.html , 1
http://www.health.com/health/gallery/0,,20621270,00.html , 1
http://www.health.com/health/gallery/0,,20536027,00.html , 1
http://www.health.com/health/gallery/0,,20823408,00.html , 1
http://www.health.com/health/gallery/0,,20306673,00.html , 1
http://www.health.com/health/gallery/0,,20840560,00.html , 1
http://www.health.com/health/gallery/0,,20666941,00.html , 1
http://www.health.com/health/gallery/0,,20833428,00.html , 1
http://www.health.com/health/gallery/0,,20825372,00.html , 1
http://www.health.com/health/gallery/0,,20734150,00.html , 1
http://www.health.com/health/gallery/0,,20795672,00.html , 1
http://www.health.com/health/gallery/0,,20640098,00.html , 1
http://www.health.com/health/gallery/0,,20339151,00.html , 1
http://www.health.com/health/gallery/0,,20840860,00.html , 1
http://www.health.com/health/gallery/0,,20672782_2,00.html , 1
http://www.health.com/health/gallery/0,,20706961,00.html , 1
http://www.health.com/health/gallery/0,,20754480,00.html , 1
http://www.health.com/health/gallery/0,,20454528,00.html , 1
http://www.health.com/health/gallery/0,,20815219,00.html , 1
http://www.health.com/health/gallery/0,,20834643_2,00.html , 1
http://www.health.com/health/gallery/0,,20418762_4,00.html , 1
http://www.health.com/health/gallery/0,,20739090,00.html , 1
http://www.health.com/health/gallery/0,,20396050,00.html , 1
http://www.health.com/health/gallery/0,,20676415,00.html , 1
http://www.health.com/health/gallery/0,,20779546,00.html , 1
http://www.health.com/health/gallery/0,,20464862,00.html , 1
http://www.health.com/health/gallery/0,,20307335,00.html , 1
http://www.health.com/health/gallery/0,,20740432,00.html , 1
http://www.health.com/health/gallery/0,,20542504,00.html , 1
http://www.health.com/health/gallery/0,,20638735,00.html , 1
http://www.health.com/health/gallery/0,,20681810,00.html , 1
http://www.health.com/health/gallery/0,,20312338,00.html , 1
http://www.health.com/health/gallery/0,,20735338,00.html , 1
http://www.health.com/health/gallery/0,,20841352,00.html , 1
http://www.health.com/health/gallery/0,,20568434,00.html , 1
http://www.health.com/health/gallery/0,,20727134,00.html , 1
http://www.health.com/health/gallery/0,,20784189,00.html , 1
http://www.health.com/health/gallery/0,,20807507,00.html , 1
http://www.health.com/health/gallery/0,,20834752,00.html , 1
http://www.health.com/health/gallery/0,,20679842_2,00.html , 1
http://www.health.com/health/gallery/0,,20831548_5,00.html , 1
http://www.health.com/health/gallery/0,,20431650,00.html , 1
http://www.health.com/health/gallery/0,,20823598,00.html , 1
http://www.health.com/health/gallery/0,,20834382,00.html , 1
http://www.health.com/health/gallery/0,,20504336,00.html , 1
http://www.health.com/health/gallery/0,,20840743,00.html , 1
http://www.health.com/health/gallery/0,,20828426,00.html , 1
http://www.health.com/health/gallery/0,,20799877,00.html , 1
http://www.health.com/health/gallery/0,,20310810,00.html , 1
http://www.health.com/health/gallery/0,,20834382_17,00.html , 1
http://www.health.com/health/gallery/0,,20416795,00.html , 1
http://www.health.com/health/gallery/0,,20418762_2,00.html , 1
http://www.health.com/health/gallery/0,,20307133,00.html , 1
http://www.health.com/health/gallery/0,,20639075,00.html , 1
http://www.health.com/health/gallery/0,,20840861,00.html , 1
http://www.health.com/health/crohns-disease/ , 2
http://www.health.com/health/osteoarthritis/ , 2
http://www.health.com/health/bipolar-disorder , 2
http://www.health.com/health/psoriasis , 2
http://www.health.com/health/menopause , 2
http://www.health.com/health/alzheimers , 2
http://www.health.com/health/menopause/ , 2
http://www.health.com/health/diabetes2/ , 2
http://www.health.com/health/childhood-vaccines , 2
http://www.health.com/health/copd , 2
http://www.health.com/health/osteoporosis , 2
http://www.health.com/health/cold-flu-sinus , 2
http://www.health.com/health/chronic-pain/ , 2
http://www.health.com/health/depression , 2
http://www.health.com/health/depression/ , 2
http://www.health.com/health/asthma , 2
http://www.health.com/health/bipolar-disorder/ , 2
http://www.health.com/health/breast-cancer , 2
http://www.health.com/health/fibromyalgia , 2
http://www.health.com/health/incontinence-woman , 2
http://www.health.com/health/childhood-vaccines/ , 2
http://www.health.com/health/migraines-headaches , 2
http://www.health.com/health/birth-control/ , 2
http://www.health.com/health/chronic-pain , 2
http://www.health.com/health/adult-adhd/ , 2
http://www.health.com/health/cholesterol , 2
http://www.health.com/health/copd/ , 2
http://www.health.com/health/psoriasis/ , 2
http://www.health.com/health/sexual-health/ , 2
http://www.health.com/health/gerd , 2
http://www.health.com/health/osteoarthritis , 2
http://www.health.com/health/osteoporosis/ , 2
http://www.health.com/health/fibromyalgia/ , 2
http://www.health.com/health/asthma/ , 2
http://www.health.com/health/crohns-disease , 2
http://www.health.com/health/birth-control , 2
http://www.health.com/health/cold-flu-sinus/ , 2
http://www.health.com/health/migraines-headaches/ , 2
http://www.health.com/health/rheumatoid-arthritis , 2
http://www.health.com/health/gerd/ , 2
http://www.health.com/health/sexual-health , 2
http://www.health.com/health/incontinence-woman/ , 2
http://www.health.com/health/rheumatoid-arthritis/ , 2
http://www.health.com/health/multiple-sclerosis/ , 2
http://www.health.com/health/breast-cancer/ , 2
http://www.health.com/health/cholesterol/ , 2
http://www.health.com/health/adult-adhd , 2
http://www.health.com/health/diabetes2 , 2
http://www.health.com/health/alzheimers/ , 2
http://www.health.com/health/m/gallery/0,,20823598,00.html , 3
http://www.health.com/health/m/gallery/0,,20834382,00.html , 3
http://www.health.com/health/m/gallery/0,,20391815_10,00.html , 3
http://www.health.com/health/m/gallery/0,,20391815_5,00.html , 3
http://www.health.com/health/m/gallery/0,,20434072,00.html , 3
http://www.health.com/health/m/gallery/0,,20333748,00.html , 3
http://www.health.com/health/m/gallery/0,,20418762_4,00.html , 3
http://www.health.com/health/m/gallery/0,,20739512,00.html , 3
http://www.health.com/health/m/gallery/0,,20834382_17,00.html , 3
http://www.health.com/health/m/gallery/0,,20830463_3,00.html , 3
http://www.health.com/health/m/gallery/0,,20672782,00.html , 3
http://www.health.com/health/m/gallery/0,,20840560,00.html , 3
http://www.health.com/health/m/gallery/0,,20830463_7,00.html , 3
http://www.health.com/health/m/gallery/0,,20834643_3,00.html , 3
http://www.health.com/health/m/gallery/0,,20564972,00.html , 3
http://www.health.com/health/m/gallery/0,,20702210,00.html , 3
http://www.health.com/health/m/gallery/0,,20391815,00.html , 3
http://www.health.com/health/m/gallery/0,,20725555,00.html , 3
http://www.health.com/health/m/gallery/0,,20589764,00.html , 3
http://www.health.com/health/m/gallery/0,,20802948,00.html , 3
http://www.health.com/health/m/gallery/0,,20655883,00.html , 3
http://www.health.com/health/m/gallery/0,,20307315,00.html , 3
http://www.health.com/health/m/gallery/0,,20831548_8,00.html , 3
http://www.health.com/health/m/gallery/0,,20830463_10,00.html , 3
http://www.health.com/health/m/gallery/0,,20310810,00.html , 3
http://www.health.com/health/m/gallery/0,,20834643_5,00.html , 3
http://www.health.com/health/m/gallery/0,,20553222,00.html , 3
http://www.health.com/health/m/gallery/0,,20681810,00.html , 3
http://www.health.com/health/m/gallery/0,,20831548_12,00.html , 3
http://www.health.com/health/m/gallery/0,,20391815_3,00.html , 3
http://www.health.com/health/m/gallery/0,,20831548_5,00.html , 3
http://www.health.com/health/m/gallery/0,,20306673_5,00.html , 3
http://www.health.com/health/m/gallery/0,,20834643_8,00.html , 3
http://www.health.com/health/m/gallery/0,,20834382_4,00.html , 3
http://www.health.com/health/m/gallery/0,,20831548,00.html , 3
http://www.health.com/health/m/gallery/0,,20709014,00.html , 3
http://www.health.com/health/m/gallery/0,,20439405,00.html , 3
http://www.health.com/health/m/gallery/0,,20752367,00.html , 3
http://www.health.com/health/m/gallery/0,,20698582,00.html , 3
http://www.health.com/health/m/gallery/0,,20834382_12,00.html , 3
http://www.health.com/health/m/gallery/0,,20418762_2,00.html , 3
http://www.health.com/health/m/gallery/0,,20698876,00.html , 3
http://www.health.com/health/m/gallery/0,,20504336,00.html , 3
http://www.health.com/health/m/gallery/0,,20368705,00.html , 3
http://www.health.com/health/m/gallery/0,,20517100,00.html , 3
http://www.health.com/health/m/gallery/0,,20834643,00.html , 3
http://www.health.com/health/m/gallery/0,,20569219,00.html , 3
http://www.health.com/health/m/gallery/0,,20306673_2,00.html , 3
http://www.health.com/health/m/gallery/0,,20420506,00.html , 4
http://www.health.com/health/m/gallery/0,,20419337,00.html , 4
http://www.health.com/health/m/gallery/0,,20814874,00.html , 4
http://www.health.com/health/m/gallery/0,,20823408,00.html , 4
http://www.health.com/health/m/gallery/0,,20448396,00.html , 4
http://www.health.com/health/m/gallery/0,,20553780,00.html , 4
http://www.health.com/health/m/gallery/0,,20735735,00.html , 4
http://www.health.com/health/m/gallery/0,,20795672,00.html , 4
http://www.health.com/health/m/gallery/0,,20349566,00.html , 4
http://www.health.com/health/m/gallery/0,,20727134,00.html , 4
http://www.health.com/health/m/gallery/0,,20681364,00.html , 4
http://www.health.com/health/m/gallery/0,,20542504,00.html , 4
http://www.health.com/health/m/gallery/0,,20610016,00.html , 4
http://www.health.com/health/m/gallery/0,,20688619,00.html , 4
http://www.health.com/health/m/gallery/0,,20454528,00.html , 4
http://www.health.com/health/m/gallery/0,,20501331,00.html , 4
http://www.health.com/health/m/gallery/0,,20479144,00.html , 4
http://www.health.com/health/m/gallery/0,,20664616,00.html , 4
http://www.health.com/health/m/gallery/0,,20793631,00.html , 4
http://www.health.com/health/m/gallery/0,,20447867,00.html , 4
http://www.health.com/health/m/gallery/0,,20689183,00.html , 4
http://www.health.com/health/m/gallery/0,,20737691,00.html , 4
http://www.health.com/health/m/gallery/0,,20706961,00.html , 4
http://www.health.com/health/m/gallery/0,,20841828,00.html , 4
http://www.health.com/health/m/gallery/0,,20788704,00.html , 4
http://www.health.com/health/m/gallery/0,,20464862,00.html , 4
http://www.health.com/health/m/gallery/0,,20504242,00.html , 4
http://www.health.com/health/m/gallery/0,,20517144,00.html , 4
http://www.health.com/health/m/gallery/0,,20753416,00.html , 4
http://www.health.com/health/m/gallery/0,,20745351,00.html , 4
http://www.health.com/health/m/gallery/0,,20639075,00.html , 4
http://www.health.com/health/m/gallery/0,,20833428,00.html , 4
http://www.health.com/health/m/gallery/0,,20543750,00.html , 4
http://www.health.com/health/m/gallery/0,,20825733,00.html , 4
http://www.health.com/health/m/gallery/0,,20743007,00.html , 4
http://www.health.com/health/m/gallery/0,,20488303,00.html , 4
http://www.health.com/health/m/gallery/0,,20580068,00.html , 4
http://www.health.com/health/m/gallery/0,,20680036,00.html , 4
http://www.health.com/health/m/gallery/0,,20754480,00.html , 4
http://www.health.com/health/m/gallery/0,,20517126,00.html , 4
http://www.health.com/health/m/gallery/0,,20568434,00.html , 4
http://www.health.com/health/m/gallery/0,,20826949,00.html , 4
http://www.health.com/health/m/gallery/0,,20307303,00.html , 4
http://www.health.com/health/m/gallery/0,,20527963,00.html , 5
http://www.health.com/health/m/gallery/0,,20815347,00.html , 5
http://www.health.com/health/m/gallery/0,,20339151,00.html , 5
http://www.health.com/health/m/gallery/0,,20810305,00.html , 5
http://www.health.com/health/m/gallery/0,,20668823,00.html , 5
http://www.health.com/health/m/gallery/0,,20396050,00.html , 5
http://www.health.com/health/m/gallery/0,,20406655,00.html , 5
http://www.health.com/health/m/gallery/0,,20814101,00.html , 5
http://www.health.com/health/m/gallery/0,,20834752,00.html , 5
http://www.health.com/health/m/gallery/0,,20788030,00.html , 5
http://www.health.com/health/m/gallery/0,,20843057,00.html , 5
http://www.health.com/health/m/gallery/0,,20307309,00.html , 5
http://www.health.com/health/m/gallery/0,,20778590,00.html , 5
http://www.health.com/health/m/gallery/0,,20739090,00.html , 5
http://www.health.com/health/m/gallery/0,,20837452,00.html , 5
http://www.health.com/health/m/gallery/0,,20307339,00.html , 5
http://www.health.com/health/m/gallery/0,,20340397,00.html , 5
http://www.health.com/health/m/gallery/0,,20400070,00.html , 5
http://www.health.com/health/m/gallery/0,,20314314,00.html , 5
http://www.health.com/health/m/gallery/0,,20414470,00.html , 5
http://www.health.com/health/m/gallery/0,,20536027,00.html , 5
http://www.health.com/health/m/gallery/0,,20818045,00.html , 5
http://www.health.com/health/m/gallery/0,,20686611,00.html , 5
http://www.health.com/health/m/gallery/0,,20312338,00.html , 5
http://www.health.com/health/m/gallery/0,,20815262,00.html , 5
http://www.health.com/health/m/gallery/0,,20311485,00.html , 5
http://www.health.com/health/m/gallery/0,,20666941,00.html , 5
http://www.health.com/health/m/gallery/0,,20307213,00.html , 5
http://www.health.com/health/m/gallery/0,,20447948,00.html , 5
http://www.health.com/health/m/gallery/0,,20824699,00.html , 5
http://www.health.com/health/m/gallery/0,,20805851,00.html , 5
http://www.health.com/health/m/gallery/0,,20783012,00.html , 5
http://www.health.com/health/m/gallery/0,,20793541,00.html , 5
http://www.health.com/health/m/gallery/0,,20431650,00.html , 5
http://www.health.com/health/m/gallery/0,,20841292,00.html , 5
http://www.health.com/health/m/gallery/0,,20425645,00.html , 5
http://www.health.com/health/m/gallery/0,,20560219,00.html , 5
http://www.health.com/health/m/gallery/0,,20584062,00.html , 5
http://www.health.com/health/m/gallery/0,,20385698,00.html , 5
http://www.health.com/health/m/gallery/0,,20772987,00.html , 5
http://www.health.com/health/m/gallery/0,,20740432,00.html , 5
http://www.health.com/health/article/0,,20840544_2,00.html , 6
http://www.health.com/health/article/0,,20732252,00.html , 6
http://www.health.com/health/article/0,,20585020,00.html , 6
http://www.health.com/health/article/0,,20824575_last,00.html , 6
http://www.health.com/health/article/0,,20803464,00.html , 6
http://www.health.com/health/article/0,,20840545,00.html , 6
http://www.health.com/health/article/0,,20824575,00.html , 6
http://www.health.com/health/article/0,,20840555,00.html , 6
http://www.health.com/health/article/0,,20814449,00.html , 6
http://www.health.com/health/article/0,,20814451_last,00.html , 6
http://www.health.com/health/article/0,,20840555_2,00.html , 6
http://www.health.com/health/article/0,,20814449_last,00.html , 6
http://www.health.com/health/article/0,,20824581,00.html , 6
http://www.health.com/health/article/0,,20750053,00.html , 6
http://www.health.com/health/article/0,,20824597_last,00.html , 6
http://www.health.com/health/article/0,,20840533,00.html , 6
http://www.health.com/health/article/0,,20840543,00.html , 6
http://www.health.com/health/article/0,,20815840,00.html , 6
http://www.health.com/health/article/0,,20840549,00.html , 6
http://www.health.com/health/article/0,,20840556,00.html , 6
http://www.health.com/health/article/0,,20840556_last,00.html , 6
http://www.health.com/health/article/0,,20840547,00.html , 6
http://www.health.com/health/article/0,,20824599,00.html , 6
http://www.health.com/health/article/0,,20824586,00.html , 6
http://www.health.com/health/article/0,,20840533_last,00.html , 6
http://www.health.com/health/article/0,,20824577,00.html , 6
http://www.health.com/health/article/0,,20750053_last,00.html , 6
http://www.health.com/health/article/0,,20840546,00.html , 6
http://www.health.com/health/article/0,,20840546_last,00.html , 6
http://www.health.com/health/article/0,,20791072,00.html , 6
http://www.health.com/health/article/0,,20814451,00.html , 6
http://www.health.com/health/hair-makeup/ , 7
http://www.health.com/health/home-family/ , 7
http://www.health.com/health/celebrity-chefs/ , 7
http://www.health.com/health/anti-aging-skin , 7
http://www.health.com/health/anti-aging-skin/ , 7
http://www.health.com/health/home-family , 7
http://www.health.com/health/yoga-pilates/ , 7
http://www.health.com/health/lose-weight , 7
http://www.health.com/health/cardio-workouts/ , 7
http://www.health.com/health/cardio-workouts , 7
http://www.health.com/health/celebrity-tips/ , 7
http://www.health.com/health/myths-facts/ , 7
http://www.health.com/health/slimming-style , 7
http://www.health.com/health/mind-and-body , 7
http://www.health.com/health/get-stronger , 7
http://www.health.com/health/mind-and-body/ , 7
http://www.health.com/health/sex-and-relationships/ , 7
http://www.health.com/health/celebrity-chefs , 7
http://www.health.com/health/lose-weight/ , 7
http://www.health.com/health/get-stronger/ , 7
http://www.health.com/health/slimming-style/ , 7
http://www.health.com/health/yoga-pilates , 7
http://www.health.com/health/celebrity-tips , 7
http://www.health.com/health/hair-makeup , 7
http://www.health.com/health/sex-and-relationships , 7
http://www.health.com/health/myths-facts , 7
http://www.health.com/health/must-eat-foods , 7
http://www.health.com/health/m/gallery/0,,20544803,00.html , 8
http://www.health.com/health/m/gallery/0,,20542694,00.html , 8
http://www.health.com/health/m/gallery/0,,20826624,00.html , 8
http://www.health.com/health/m/gallery/0,,20779546,00.html , 8
http://www.health.com/health/m/gallery/0,,20723732,00.html , 8
http://www.health.com/health/m/gallery/0,,20727114,00.html , 8
http://www.health.com/health/m/gallery/0,,20344926,00.html , 8
http://www.health.com/health/m/gallery/0,,20814890,00.html , 8
http://www.health.com/health/m/gallery/0,,20307335,00.html , 8
http://www.health.com/health/m/gallery/0,,20734150,00.html , 8
http://www.health.com/health/m/gallery/0,,20679842,00.html , 8
http://www.health.com/health/m/gallery/0,,20652434,00.html , 8
http://www.health.com/health/m/gallery/0,,20818090,00.html , 8
http://www.health.com/health/m/gallery/0,,20621270,00.html , 8
http://www.health.com/health/m/gallery/0,,20724884,00.html , 8
http://www.health.com/health/m/gallery/0,,20784189,00.html , 8
http://www.health.com/health/m/gallery/0,,20307389,00.html , 8
http://www.health.com/health/m/gallery/0,,20768565,00.html , 8
http://www.health.com/health/m/gallery/0,,20825288,00.html , 8
http://www.health.com/health/m/gallery/0,,20639480,00.html , 8
http://www.health.com/health/m/gallery/0,,20354737,00.html , 8
http://www.health.com/health/m/gallery/0,,20837371,00.html , 8
http://www.health.com/health/m/gallery/0,,20828426,00.html , 8
http://www.health.com/health/m/gallery/0,,20306609,00.html , 8
http://www.health.com/health/m/gallery/0,,20840750,00.html , 8
http://www.health.com/health/m/video/0,,20738092,00.html , 9
http://www.health.com/health/m/video/0,,20738096,00.html , 9
http://www.health.com/health/m/video/0,,20828657,00.html , 9
http://www.health.com/health/m/video/0,,20738124,00.html , 9
http://www.health.com/health/m/video/0,,20738149,00.html , 9
http://www.health.com/health/m/video/0,,20838879,00.html , 9
http://www.health.com/health/m/video/0,,20816570,00.html , 9
http://www.health.com/health/m/video/0,,20738142,00.html , 9
http://www.health.com/health/m/video/0,,20800197,00.html , 9
http://www.health.com/health/m/video/0,,20840932,00.html , 9
http://www.health.com/health/m/video/0,,20738182,00.html , 9
http://www.health.com/health/m/beauty-style/videos , 9
http://www.health.com/health/m/video/0,,20832227,00.html , 9
http://www.health.com/health/m/celebrity-tips/videos , 9
http://www.health.com/health/m/video/0,,20738166,00.html , 9
http://www.health.com/health/m/diet-fitness/videos , 9
http://www.health.com/health/m/video/0,,20809402,00.html , 9
http://www.health.com/health/m/video/0,,20789278,00.html , 9
http://www.health.com/health/m/video/0,,20828669,00.html , 9
http://www.health.com/health/m/video/0,,20719559,00.html , 9
http://www.health.com/health/m/video/0,,20724360,00.html , 9
http://www.health.com/health/m/video/0,,20788587,00.html , 10
http://www.health.com/health/m/video/0,,20834522,00.html , 10
http://www.health.com/health/m/video/0,,20834530,00.html , 10
http://www.health.com/health/m/video/0,,20831236,00.html , 10
http://www.health.com/health/m/video/0,,20804606,00.html , 10
http://www.health.com/health/m/video/0,,20815266,00.html , 10
http://www.health.com/health/m/video/0,,20725352,00.html , 10
http://www.health.com/health/m/video/0,,20842355,00.html , 10
http://www.health.com/health/m/video/0,,20834526,00.html , 10
http://www.health.com/health/m/video/0,,20836517,00.html , 10
http://www.health.com/health/m/video/0,,20730888,00.html , 10
http://www.health.com/health/m/video/0,,20825453,00.html , 10
http://www.health.com/health/m/video/0,,20730893,00.html , 10
http://www.health.com/health/m/video/0,,20802212,00.html , 10
http://www.health.com/health/m/video/0,,20784324,00.html , 10
http://www.health.com/health/m/video/0,,20831244,00.html , 10
http://www.health.com/health/yoga-poses , 11
http://www.health.com/health/step-exercises , 11
http://www.health.com/health/hula-hoop-exercises , 11
http://www.health.com/health/chair-exercises , 11
http://www.health.com/health/plank-exercises , 11
http://www.health.com/health/ab-workouts , 11
http://www.health.com/health/arm-exercises , 11
http://www.health.com/health/full-body-exercises , 11
http://www.health.com/health/kettlebell-exercises , 11
http://www.health.com/health/dumbbell-workouts , 11
http://www.health.com/health/medicine-ball-workouts , 11
http://www.health.com/health/bench-exercises , 11
http://www.health.com/health/leg-exercises , 11
http://www.health.com/health/stability-ball-exercises , 11
http://www.health.com/health/squats , 11
http://www.health.com/health/push-ups , 11
http://www.health.com/health/m/video/0,,20834376,00.html , 12
http://www.health.com/health/m/video/0,,20817481,00.html , 12
http://www.health.com/health/m/video/0,,20743098,00.html , 12
http://www.health.com/health/m/video/0,,20744328,00.html , 12
http://www.health.com/health/m/video/0,,20838591,00.html , 12
http://www.health.com/health/m/video/0,,20839459,00.html , 12
http://www.health.com/health/m/video/0,,20754948,00.html , 12
http://www.health.com/health/m/tips/videos , 12
http://www.health.com/health/m/video/0,,20754954,00.html , 12
http://www.health.com/health/m/video/0,,20837658,00.html , 12
http://www.health.com/health/m/video/0,,20744334,00.html , 12
http://www.health.com/health/m/video/0,,20748497,00.html , 12
http://www.health.com/health/m/video/0,,20744324,00.html , 12
http://www.health.com/health/m/article/0,,20824586,00.html , 13
http://www.health.com/health/m/article/0,,20410999,00.html , 13
http://www.health.com/health/m/article/0,,20824599,00.html , 13
http://www.health.com/health/m/article/0,,20814449,00.html , 13
http://www.health.com/health/m/article/0,,20840556,00.html , 13
http://www.health.com/health/m/article/0,,20840555,00.html , 13
http://www.health.com/health/m/article/0,,20840546,00.html , 13
http://www.health.com/health/m/article/0,,20840533,00.html , 13
http://www.health.com/health/m/article/0,,20814451,00.html , 13
http://www.health.com/health/m/article/0,,20732252,00.html , 13
http://www.health.com/health/m/article/0,,20840545,00.html , 13
http://www.health.com/health/m/article/0,,20791072,00.html , 13
http://www.health.com/health/m/article/0,,20840547,00.html , 13
http://www.health.com/health/recipe/0,,10000001991442,00.html , 14
http://www.health.com/health/recipe/0,,50400000134509,00.html , 14
http://www.health.com/health/recipe/0,,10000001875620,00.html , 14
http://www.health.com/health/recipe/0,,50400000115798,00.html , 14
http://www.health.com/health/recipe/0,,10000001065509,00.html , 14
http://www.health.com/health/recipe/0,,50400000133014,00.html , 14
http://www.health.com/health/recipe/0,,10000001940801,00.html , 14
http://www.health.com/health/recipe/0,,53420000020442,00.html , 14
http://www.health.com/health/recipe/0,,10000002011012,00.html , 14
http://www.health.com/health/recipe/0,,50400000120276,00.html , 14
http://www.health.com/health/m/recipe/0,,10000001087041,00.html , 15
http://www.health.com/health/m/recipe/0,,10000002011012,00.html , 15
http://www.health.com/health/m/recipe/0,,10000001940801,00.html , 15
http://www.health.com/health/m/recipe/0,,50400000115798,00.html , 15
http://www.health.com/health/m/recipe/0,,10000001991442,00.html , 15
http://www.health.com/health/m/recipe/0,,50400000120276,00.html , 15
http://www.health.com/health/m/recipe/0,,50400000134509,00.html , 15
http://www.health.com/health/m/recipe/0,,10000001065509,00.html , 15
http://www.health.com/health/m/recipe/0,,50400000133014,00.html , 15
http://www.health.com/health/package/0,,20834497,00.html , 16
http://www.health.com/health/package/0,,20838932,00.html , 16
http://www.health.com/health/package/0,,20715789,00.html , 16
http://www.health.com/health/package/0,,20841612,00.html , 16
http://www.health.com/health/package/0,,20764276,00.html , 16
http://www.health.com/health/package/0,,20811826,00.html , 16
http://www.health.com/health/package/0,,20506493,00.html , 16
http://www.health.com/health/package/0,,20798249,00.html , 16
http://www.health.com/health/package/0,,20723124,00.html , 16
http://www.health.com/health/m/video/0,,20820919,00.html , 17
http://www.health.com/health/m/video/0,,20837066,00.html , 17
http://www.health.com/health/m/video/0,,20838605,00.html , 17
http://www.health.com/health/m/video/0,,20836567,00.html , 17
http://www.health.com/health/m/video/0,,20819526,00.html , 17
http://www.health.com/health/m/video/0,,20843189,00.html , 17
http://www.health.com/health/m/video/0,,20804143,00.html , 17
http://www.health.com/health/m/video/0,,20820990,00.html , 17
http://www.health.com/health/m/food-recipes/videos , 17
http://www.health.com/health/m/article/0,,20410027,00.html , 18
http://www.health.com/health/m/article/0,,20410025,00.html , 18
http://www.health.com/health/m/article/0,,20840543,00.html , 18
http://www.health.com/health/m/article/0,,20410029,00.html , 18
http://www.health.com/health/m/article/0,,20410115,00.html , 18
http://www.health.com/health/m/article/0,,20410028,00.html , 18
http://www.health.com/health/m/article/0,,20410022,00.html , 18
http://www.health.com/health/m/article/0,,20410024,00.html , 18
http://www.health.com/health/m/article/0,,20410023,00.html , 18
http://www.health.com/health/diet-fitness/articles , 19
http://www.health.com/health/diet-fitness/articles/ , 19
http://www.health.com/health/beauty-style/articles , 19
http://www.health.com/health/beauty-style/articles/ , 19
http://www.health.com/health/healthy-happy/articles/ , 19
http://www.health.com/health/food-recipes/articles , 19
http://www.health.com/health/healthy-happy/articles , 19
http://www.health.com/health/food-recipes/articles/ , 19
http://www.health.com/health/gallery/0,,20392437,00.html , 20
http://www.health.com/health/gallery/0,,20580087,00.html , 20
http://www.health.com/health/gallery/0,,20655883_2,00.html , 20
http://www.health.com/health/gallery/0,,20681810_2,00.html , 20
http://www.health.com/health/gallery/0,,20418762,00.html , 20
http://www.health.com/health/gallery/0,,20543750,00.html , 20
http://www.health.com/health/gallery/0,,20834643_3,00.html , 20
http://www.health.com/health/diet-fitness , 21
http://www.health.com/health/food-recipes/ , 21
http://www.health.com/health/food-recipes , 21
http://www.health.com/health/diet-fitness/ , 21
http://www.health.com/health/healthy-happy , 21
http://www.health.com/health/healthy-happy/ , 21
http://www.health.com/health/beauty-style/ , 21
http://www.health.com/health/m/article/0,,20803464,00.html , 22
http://www.health.com/health/m/article/0,,20824577,00.html , 22
http://www.health.com/health/m/article/0,,20840544,00.html , 22
http://www.health.com/health/m/article/0,,20824581,00.html , 22
http://www.health.com/health/m/article/0,,20585020,00.html , 22
http://www.health.com/health/m/article/0,,20824597,00.html , 22
http://www.health.com/health/m/article/0,,20793248,00.html , 22
http://www.health.com/health/gallery/0,,20688619,00.html , 23
http://www.health.com/health/gallery/0,,20652434,00.html , 23
http://www.health.com/health/gallery/0,,20340397,00.html , 23
http://www.health.com/health/gallery/0,,20479144,00.html , 23
http://www.health.com/health/gallery/0,,20752367,00.html , 23
http://www.health.com/health/gallery/0,,20554021,00.html , 23
http://www.health.com/health/package/section/0,,20815003,00.html , 24
http://www.health.com/health/package/section/0,,20833641,00.html , 24
http://www.health.com/health/package/section/0,,20815004,00.html , 24
http://www.health.com/health/package/section/0,,20815005,00.html , 24
http://www.health.com/health/package/section/0,,20833646,00.html , 24
http://www.health.com/health/package/section/0,,20833647,00.html , 24
http://www.health.com/health/m/article/0,,20840536,00.html , 25
http://www.health.com/health/m/article/0,,20840558,00.html , 25
http://www.health.com/health/m/article/0,,20840549,00.html , 25
http://www.health.com/health/m/article/0,,20744313,00.html , 25
http://www.health.com/health/m/article/0,,20824575,00.html , 25
http://www.health.com/health/m/article/0,,20815840,00.html , 25
http://www.health.com/health/article/0,,20793248_2,00.html , 26
http://www.health.com/health/article/0,,20840558,00.html , 26
http://www.health.com/health/article/0,,20840545_last,00.html , 26
http://www.health.com/health/article/0,,20457016_last,00.html , 26
http://www.health.com/health/article/0,,20585020_last,00.html , 26
http://www.health.com/health/gallery/0,,20825451,00.html , 27
http://www.health.com/health/gallery/0,,20391815_2,00.html , 27
http://www.health.com/health/gallery/0,,20834643_8,00.html , 27
http://www.health.com/health/gallery/0,,20768565,00.html , 27
http://www.health.com/health/gallery/0,,20834643_5,00.html , 27
http://www.health.com/health/gallery/0,,20639075_2,00.html , 28
http://www.health.com/health/gallery/0,,20564972,00.html , 28
http://www.health.com/health/gallery/0,,20353191,00.html , 28
http://www.health.com/health/gallery/0,,20418762_3,00.html , 28
http://www.health.com/health/m/gallery/0,,20307133,00.html , 29
http://www.health.com/health/m/gallery/0,,20354693,00.html , 29
http://www.health.com/health/m/gallery/0,,20313125,00.html , 29
http://www.health.com/health/m/gallery/0,,20580087,00.html , 29
http://www.health.com/health/m/gallery/0,,20773383,00.html , 30
http://www.health.com/health/m/gallery/0,,20554021,00.html , 30
http://www.health.com/health/m/gallery/0,,20416795,00.html , 30
http://www.health.com/health/service/help , 31
http://www.health.com/health/service/contact-us , 31
http://www.health.com/health/service/about , 31
http://www.health.com/health/m/mind-and-body , 32
http://www.health.com/health/m/sex-and-relationships , 32
http://www.health.com/health/m/healthy-happy/ , 32
http://www.health.com/health/article/0,,20840543_last,00.html , 33
http://www.health.com/health/article/0,,20824581_last,00.html , 33
http://www.health.com/health/recipe/0,,50400000134510,00.html , 34
http://www.health.com/health/recipe/0,,10000001087041,00.html , 34
http://www.health.com/health/m/beauty-style/ , 35
http://www.health.com/health/m/celebrity-tips , 35
http://www.health.com/health/gallery/0,,20835155,00.html , 36
http://www.health.com/health/gallery/0,,20743608,00.html , 36
http://www.health.com/health/m/gallery/0,,20825451,00.html , 37
http://www.health.com/health/m/gallery/0,,20835155,00.html , 37
http://www.health.com/health/diseases-conditions/ , 38
http://www.health.com/health/diseases-conditions , 38
http://www.health.com/health/article/0,,20410026,00.html , 39
http://www.health.com/health/article/0,,20410029,00.html , 39
http://www.health.com/health/rss , 40
http://www.health.com/health/rss/ , 40
http://www.health.com/health/gallery/0,,20830437,00.html , 41
http://www.health.com/health/gallery/0,,20474097,00.html , 41
http://www.health.com/health/m/gallery/0,,20622036,00.html , 42
http://www.health.com/health/m/gallery/0,,20334221,00.html , 42
http://www.health.com/health/article/0,,20410999,00.html , 43
http://www.health.com/health/article/0,,20410817,00.html , 43
http://www.health.com/health/article/0,,20840544,00.html , 44
http://www.health.com/health/article/0,,20793248,00.html , 44
http://www.health.com/health/gallery/0,,20447867,00.html , 45
http://www.health.com/health/gallery/0,,20425645,00.html , 45
http://www.health.com/health/wp/0,,20706425,00.html , 46
http://www.health.com/health/wp/0,,20706425,00.html?iid=emailseriestest , 46
http://www.health.com/health/m/article/0,,20410947,00.html , 47
http://www.health.com/health/m/article/0,,20410947_2,00.html , 47
http://www.health.com/health/m/diet-fitness/ , 48
http://www.health.com/health/m/fitness-finder , 48
http://www.health.com/health/service/magazine/ , 49
http://www.health.com/health/service/magazine , 49
http://www.health.com/health/m/food-recipes/ , 50
http://www.health.com/health/m/recipes/ , 50
http://www.health.com/health/wp/0,,20838365,00.html , 51
http://www.health.com/health/m/gallery/0,,20585485,00.html , 52
http://www.health.com/health/article/0,,20840547_last,00.html , 53
http://www.health.com/health/static/newsletter/10-weeks/form.html , 54
http://www.health.com/health/wp/0,,20483796,00.html , 55
http://www.health.com/health/m/gallery/0,,20353191,00.html , 56
http://www.health.com/health/m/gallery/0,,20392437,00.html , 57
http://www.health.com/health/m/recipe/0,,10000001875620,00.html , 58
http://www.health.com/health/article/0,,20457016,00.html , 59
http://www.health.com/health/service/newsletter-signup , 60
http://www.health.com/health/js/global/0,,,00.html , 61
http://www.health.com/health/body-weight-exercises , 62
http://www.health.com/health/recipes/ , 63
http://www.health.com/health/gallery/0,,20307277,00.html , 64
http://www.health.com/health/m/gallery/0,,20474097,00.html , 65
http://www.health.com/health/m/recipe/0,,53420000020442,00.html , 66
http://www.health.com/health/static/buzz/index.htm , 67
http://www.health.com/health/m/gallery/0,,20361208,00.html , 68
http://www.health.com/health/m/gallery/0,,20307277,00.html , 69
http://www.health.com/health/article/0,,20840536,00.html , 70
http://www.health.com/health/article/0,,20824597,00.html , 71
http://www.health.com/health/m/recipe/0,,50400000134510,00.html , 72
http://www.health.com/health/m/gallery/0,,20537878,00.html , 73
http://www.health.com/health/videos , 74
http://www.health.com/health/m/article/0,,20410026,00.html , 75
http://www.health.com/health/m/calendar/0,,20362440,00.html , 76
http://www.health.com/health/article/0,,20744313,00.html , 77
http://www.health.com/health/article/0,,20410947,00.html , 78
http://www.health.com/health/calendar/0,,20362440,00.html , 79
http://www.health.com/health/gallery/0,,20666941_2,00.html , 80
http://www.health.com/health/m/gallery/0,,20567708,00.html , 81
http://www.health.com/health/fitness-finder , 82
http://www.health.com/health/m/gallery/0,,20306753,00.html , 83
http://www.health.com/health/article/0,,20410817_last,00.html , 84
http://www.health.com/health/wp/0,,20802680,00.html , 85
http://www.health.com/health/service/newsletter-thankyou , 86
http://www.health.com/health/m/gallery/0,,20640098,00.html , 87
http://www.health.com/health/m/gallery/0,,20342675,00.html , 88
http://www.health.com/health/m/ , 89
http://www.health.com/health/m/gallery/0,,20707868,00.html , 90
http://www.health.com/health/static/sitemap/ , 91
http://www.health.com/health/article/0,,20410115,00.html , 92
http://www.health.com/health/m/article/0,,20824585,00.html , 93
http://www.health.com/health/article/0,,20824585,00.html , 94
http://www.health.com/health/ , 95
